DS_ORIGEM_DESPESA;Fundo Especial de Financiamento de Campanha | CANDIDATOS;Fundo Partidário | CANDIDATOS;Fundo Especial de Financiamento de Campanha | PARTIDOS;Fundo Partidário | PARTIDOS;Fundo Partidário | GASTO FINAL TOTAL;Fundo Especial de Financiamento de Campanha | GASTO FINAL TOTAL
Publicidade por materiais impressos;508764553,14;30699348,97;7695443,22;8609846,02;39309194,989999995;516459996,36
Serviços prestados por terceiros;357737144,71;26233791,71;17480531,37;5740247,34;31974039,05;375217676,08
Despesa com Impulsionamento de Conteúdos;249932039,52;25081095,29;328650,0;162830,33;25243925,619999997;250260689,52
Produção de programas de rádio, televisão ou vídeo;141668476,41;3791640,09;6998907,87;15838312,55;19629952,64;148667384,28
Serviços advocatícios;113022515,96;8041238,13;11877762,57;9285443,88;17326682,01;124900278,53
Despesas com pessoal;203830868,5;14139490,91;1405640,0;529244,16;14668735,07;205236508,5
Atividades de militância e mobilização de rua;203349205,64;12919055,1;579999,41;310317,66;13229372,76;203929205,04999998
Publicidade por adesivos;151990946,62;6163496,14;2161173,45;2086502,98;8249999,119999999;154152120,07
Serviços contábeis;63307533,14;3250430,24;11598074,22;4919764,49;8170194,73;74905607,36
Diversas a especificar;52245659,59;2317103,22;752452,6;2498648,4;4815751,62;52998112,190000005
Cessão ou locação de veículos;78296198,24;3659606,71;53190,0;990661,61;4650268,32;78349388,24
Despesas com transporte ou deslocamento;25040978,72;2803578,11;435855,87;1332298,42;4135876,53;25476834,59
Locação/cessão de bens imóveis;36767071,71;2681394,78;214985,86;662907,63;3344302,4099999997;36982057,57
Pesquisas ou testes eleitorais;12738812,65;476200,0;965416,5;1934921,0;2411121,0;13704229,15
Combustíveis e lubrificantes;25637015,34;1566797,17;25327,5;194043,57;1760840,74;25662342,84
Locação/cessão de bens móveis (exceto veículos);11136963,28;1161804,01;113916,98;195694,49;1357498,5;11250880,26
Eventos de promoção da candidatura;19684215,91;816718,09;125000,0;498126,95;1314845,04;19809215,91
Serviços próprios prestados por terceiros;10193398,06;1092721,3900000001;31000,0;20500,0;1113221,3900000001;10224398,06
Produção de jingles, vinhetas e slogans;13203949,41;876961,25;56000,0;18500,0;895461,25;13259949,41
Publicidade por carros de som;13385844,98;615337,63;933850,0;110000,0;725337,63;14319694,98
Alimentação;6560864,16;537081,45;22074,32;90296,6;627378,0499999999;6582938,48
Publicidade por jornais e revistas;5774965,15;585345,99;0,0;420,0;585765,99;5774965,15
Correspondências e despesas postais;14600851,1;537065,14;8104,55;0,0;537065,14;14608955,65
Criação e inclusão de páginas na internet;8785682,51;266262,09;0,0;151786,69999999998;418048,79000000004;8785682,51
Materiais de expediente;2553843,74;201311,53;9126,8;92121,99;293433,52;2562970,54
Pré-instalação física de comitê de campanha;3181512,61;287199,18;0,0;0,0;287199,18;3181512,61
Comícios;2102642,36;120030,0;0,0;0,0;120030,0;2102642,36
Despesas com Hospedagem;842198,32;81300,24;18616,5;24308,68;105608,92000000001;860814,82
Água;1369356,47;54445,11;0,0;40453,96;94899,07;1369356,47
Segurança e prevenção, repressão e combate à violência política;947578,89;40923,94;0,0;900,0;41823,94;947578,89
Impostos, contribuições e taxas;59693,46;1110,6;51744,89;40426,19;41536,79;111438,35
Aquisição/Doação de bens móveis ou imóveis;418814,91;17610,5;1548,67;16208,2;33818,7;420363,57999999996
Encargos financeiros, taxas bancárias e/ou op. cartão de crédito;401024,15;20211,78;96096,41;11344,68;31556,46;497120,56000000006
Energia elétrica;30282,239999999998;3261,35;0,0;23620,23;26881,579999999998;30282,239999999998
Passagem Aérea;862749,39;2750,04;33020,01;19010,59;21760,63;895769,4
Telefone;22658,28;6140,98;0,0;1288,6599999999999;7429,639999999999;22658,28
Despesa com geradores de energia;81372,4;3701,85;0,0;0,0;3701,85;81372,4
Encargos sociais;9847,050000000001;2,5;0,0;0,0;2,5;9847,050000000001
Reembolsos de gastos realizados por eleitores;179374,6;0,0;0,0;0,0;0,0;179374,6
